trailingEps,forwardEps,heldPercentInsiders,heldPercentInstitutions,profitMargins,priceToSalesTrailing12Months,fiveYearAvgDividendYield,beta,overallRisk,boardRisk,ESG_score
4.04,7.18,0.031400003,0.70972,0.13052,1.5734333,3.67,1.498,1,1,29.24
2.48,3.42,0.00135,0.74511003,0.13854,2.8219264,4.39,0.608,3,6,26.4
1.08,1.83,0.00252,0.56872004,0.02467,0.27300367,5.76,1.645,10,10,22.35
5.62,8.9,0.00972,0.87174004,0.041989997,1.1172379,0.74,0.727,7,7,22.37
2.25,3.81,0.009430001,0.87612,0.07247,1.42647,3.63,0.415,7,7,28.37
6.29,2.9,0.18948,0.59799,0.090179995,1.0822884,0.49,0.826,8,9,16.38
0.38,2.61,0.00624,0.89511,0.0044,0.24263701,7.85,2.164,1,2,16.81
11.95,29.82,0.04007,0.68046,0.48849,36.2564,0.14,1.725,8,10,13.59
1.26,1.51,0.00139,0.72038,0.21372,11.016333,4.48,0.925,2,1,15.47
1.97,2.3,0.00071,0.58596003,0.11762,1.0037322,7.13,0.694,1,2,23.91
8.69,11.16,0.00629,0.97959,0.53923,17.607195,0.64,0.962,3,1,16.68
1.63,5.44,0.00068,0.67484003,0.03358,2.3566327,1.38,1.412,2,1,15.7
1.91,2.58,0.46662998,0.35005,0.023929998,0.7528155,1.62,0.497,9,8,25.26
4.83,5.36,0.00078,0.77088,0.24796,2.6657717,3.24,1.196,5,2,36.24
-7.26,6.02,0.00316,0.94838995,-0.20201,1.7217867,3.23,1.54,8,7,11.43
0.66,3.53,0.1736,0.62114,0.00403,0.12589918,4.8,0.718,7,5,16.25
3.56,3.43,0.01471,0.84549004,0.04958,0.48685437,0.87,2.025,2,2,30.35
5.6,6.5,0.00149,0.84474,0.22569,5.4462132,1.75,1.1,3,3,20.1
-3.67,7.75,0.0009,0.65506,-0.02856,1.4141636,2.48,1.522,8,2,39.6
3.08,3.44,0.13178,0.58911,0.28151,2.999611,2.39,1.388,7,7,28.3
0.72,1.08,0.00617,0.64603996,0.11161,2.4255142,2.01,0.412,8,9,33.35
5.68,6.73,0.11257,0.84142,0.02856,0.38620788,3.26,1.509,1,1,15.89
3.84,3.72,0.00483,0.97117996,0.118190005,1.405311,5.47,1.848,8,10,28.3
1.69,2.38,0.00025,0.45712003,0.09172,1.2621475,5.81,0.469,2,5,18.84
4.36,14.34,0.00312,0.89315003,0.06444,3.5352407,1.33,0.445,10,10,23.82
1.9,2.9,0.40240002,0.48643002,0.123009995,1.7951218,4.25,1.419,8,7,18.3
2.01,1.98,0.02015,0.54319,0.22653,5.918883,1.11,0.788,10,10,22.26
14.74,7.88,0.01503,1.03713,0.23464,0.61634886,2.25,1.964,1,1,18.03
12.92,9.77,0.00564,0.89355004,0.03767,0.23507422,2.97,0.636,2,2,32.92
3.87,5.88,0.00158,0.87397003,0.18903999,2.3747292,2.93,1.102,1,2,20.93
1.84,6.15,0.00958,0.71116996,0.18101,19.744396,3.83,1.499,10,10,23.39
36.51,45.74,0.00955,0.88143,0.30808002,6.69334,2.52,1.383,4,7,18.25
3.86,7.11,0.00098,0.79173,0.17830999,2.328803,3.2,0.372,2,6,22.74
0.61,5.5,0.18528,0.65424,0.01153,0.65275973,1.17,1.703,8,5,19.78
5.75,8.54,0.00658,0.93157995,0.10818,3.7299032,1.63,1.001,3,4,16.63
1.21,2.04,0.00211,1.0156,0.05878,3.0514834,4.4,1.166,8,8,12.51
21.81,23.76,0.00267,0.86056,0.18167,2.1049743,1.85,0.629,7,9,23.6
7.14,8.93,0.00443,0.84870005,0.20177999,5.183269,1.43,0.603,3,3,20.95
-0.06,1.36,0.07846,0.60532004,-0.00343,0.99013036,4.21,2.55,10,10,24.49
3.46,2.61,0.00357,0.92915,0.21516001,6.544636,3.69,0.751,2,3,10.1
3.76,6.79,0.0094,0.94371,0.037469998,0.77925646,6.39,0.906,2,5,10.44
3.98,4.63,0.55526,0.35492,0.09119,1.8173558,2.85,0.709,10,9,70.47
8.1,11.5,0.00308,0.97067,0.051659998,1.5450485,1.08,1.092,4,5,9.21
18.01,13.98,0.00429,1.06741,0.17916,1.6255264,2.17,1.343,4,4,26.13
7.87,6.1,0.00535,0.95967,0.22997999,2.434691,2.44,1.023,2,2,29.33
3.13,4.04,0.00652,0.97382003,0.21335,2.0392885,4.48,1.346,6,5,23.54
9.1,8.39,0.08462,0.82188004,0.30807,3.5135207,3,1.03,2,5,30.19
17.39,32.05,0.01563,0.89885,0.02646,0.5289926,0.87,0.558,3,4,11.65
3.29,3.8,0.00052,0.78054,0.23486,3.4946578,3,0.853,1,6,13.87
13.8,16.16,0.15043001,0.67864,0.15572,6.944504,0.99,1.258,8,10,18.08
2.77,3.8,0.00099,0.83943003,0.11821,3.74748,2.36,0.412,3,5,26.17
4.86,5.16,0.00026,0.49113,0.29496,2.172518,5.29,1.103,1,3,17.73
3.71,4.62,0.00761,0.88315004,0.12658,1.4182413,2.23,0.98,10,10,23.09
5.14,20.93,0.00396,0.86143,0.02158,1.1845776,2.66,1.038,8,7,19.3
8.87,9.88,0.00441,0.89879996,0.5793,14.126755,2.96,0.498,10,9,17.8
6.44,6.15,0.00737,0.82265,0.2515,1.8735062,4.68,1.272,4,8,25.19
3.01,3.61,0.00458,0.97486997,0.11887,2.2949426,2.81,0.374,3,5,21.7
15.31,17.38,0.00196,0.72255,0.0273,1.3030118,0.74,0.765,2,4,23.29
2.47,3,0.09947,0.62926996,0.23417,5.6782827,3.04,0.591,4,7,21.63
3.13,3.81,0.00025,0.76793,0.31278,6.67065,0.83,0.767,2,4,17.24
2.55,3.23,0.35579,0.5478,0.08262,1.3993574,3.14,0.228,4,2,23.5
1.08,1.66,0.00228,0.47402,0.17878,1.4945345,2.08,2.882,3,3,42.38
3.7,1.81,0.01481,0.98091006,0.26081,6.7905483,3.1,0.844,9,5,16.09
1.85,2.19,0.00305,0.78032994,0.25346002,4.966328,1.26,1.183,2,3,21.91
14.23,20.77,0.00904,0.91455,0.1673,3.847093,1.16,0.917,4,5,22.77
2.13,2.95,0.0189,0.8987,0.28589,3.5165117,4.04,0.19,5,8,36.07
4.21,4.99,0.00162,0.98049,0.10985,1.9393535,1.4,1.073,1,3,14.66
11.36,14.83,0.068179995,0.66597,0.1097,1.4847273,4.42,1.118,1,4,36.6
6.47,9.22,0.00146,0.83099,0.0234,0.27256423,2.87,0.499,5,4,21.97
1.57,2.48,0.31497,0.55584,0.07871,0.6727573,1.65,2.785,5,8,39.31
0.24,0.45,0.5376,0.17872,0.06422,1.0725886,1,0.841,2,1,7.84
3.04,3.66,0.78875,0.06126,0.05466,0.43177417,4.33,0.459,1,1,32.77
0.57,0.61,0.00765,0.61359,0.14422,1.0213904,3.45,0.898,1,1,28.13
6.56,5.87,0.00443,0.84870005,0.20177999,4.7759457,1.43,0.603,3,3,20.95
2.72,4.02,0.00981,0.96362,0.018480001,0.49310073,2.37,0.725,5,5,19.32
7.17,7.51,0.00344,0.70466006,0.0794,0.47793806,2.3,1.431,3,3,30.26
5.66,8.66,0.10745,0.81821,0.19941,7.818734,0.38,0.86,7,10,11.86
8.25,9.7,0.00361,0.95265996,0.09155,1.8702459,2.74,1.253,2,3,27.47
3.03,2.76,0.08039,0.41479,0.21355,0.9862934,2.78,1.188,2,2,27.92
3.06,3.62,0.00543,0.86983,0.108219996,2.5368435,1.57,1.095,4,4,30.97
1.09,4.16,0.00233,0.75601,0.03505,2.558509,2.34,1.222,5,5,28.6
34.31,27.61,0.0017,0.78156996,0.16389999,1.769524,1.36,1.033,7,5,19.95
5.84,5.57,0.00706,0.70821,0.25972,2.0997212,4.53,2.2,2,1,33.76
11.25,13.74,0.00788,0.89281,0.29872,3.060147,2.28,1.445,7,1,22.5
8.69,8.29,0.0028,0.93671995,0.042940002,0.8756255,0.93,0.41,5,1,17.59
7.49,9.41,0.00861,0.92033994,0.0923,1.5208249,1.91,0.895,4,9,21.21
13.88,15.55,0.09889,0.84389,0.13177,1.3974167,1.04,1.638,7,9,21.03
3,1.26,0.00156,1.0269799,0.17419,8.360518,3.53,0.558,8,3,12.61
14.65,17.74,0.00541,0.96353996,0.11589,3.432379,0.98,0.855,9,8,29.19
6.76,7.18,0.00331,0.77089995,0.109610006,1.7737588,3.27,0.642,6,9,29.8
5.35,6.32,0.00133,0.66681,0.09932999,2.5521224,4.1,0.46,1,4,27.01
-1.85,3.55,0.01055,1.0009999,-0.03352,0.2739374,1.62,1.868,1,1,15.34
3.87,3.76,0.00926,0.55147,0.5141,4.610181,4.72,0.827,5,1,19.64
-0.04,0.19,0.77616996,0.06809,0.00351,0.31885675,3.43,0.485,10,10,25.83
0.6,0.37,0.014450001,0.53319,0.12375,0.03870371,1.08,0.298,1,1,23.67
9.55,5.22,0.00423,1.00918,0.14653,0.98117536,1.18,1.91,8,7,10.66
12.76,13.06,0.09889,0.84389,0.13177,1.3109038,1.03,1.638,7,9,21.03
8.01,11.36,0.00206,0.85894996,0.13873,5.1666665,2.37,1.07,3,5,17.94
7.49,8.94,0.00694,0.86536,0.09707,1.174077,3.28,1.539,5,6,25.27
14.18,16,0.01349,0.99305,0.22235,3.8312883,0.42,1.341,3,4,40.45
8.18,8.27,0.01017,0.91326,0.49155998,4.4340696,2.41,1.375,1,4,27.27
5.21,5.02,0.00255,0.92498,0.27364,2.6729865,1.49,1.313,4,1,17.6
4.78,7.32,0.00186,0.90172994,0.08957,4.2669845,1.05,1.101,9,6,19.86
7.21,5.6,0.0016,0.68351996,0.17179,2.0986736,3.66,0.351,4,5,23.81
3.11,5.57,0.00173,0.91700995,0.07326,1.6246598,4.2,0.966,1,1,27.51
4.4,9.66,0.00453,0.9797,0.10357001,5.9895663,0.86,1.517,9,3,23.16
60.19,68.67,0.01455,0.95499,0.17229,1.1594657,2.29,0.551,5,8,17.96
1.42,2.47,0.013839999,1.06448,0.02809,0.17976744,1.7,1.213,5,3,30.55
9.74,10.96,0.00338,0.82778,0.18358,4.94698,2.28,1.144,5,8,25.29
6.96,9.56,0.19782,0.76291,0.05677,1.552248,0.84,1.114,9,10,14.82
0.74,1.93,0.39556,0.54918,0.00912,0.18762268,3.88,2.604,1,1,20.3
1.7,6.39,0.33909,0.18694,0.01903,0.31632861,3.69,0.448,10,10,38.24
2.31,3.21,0.28266,0.54882,0.10717,1.5910554,4.84,0.666,4,7,33.7
1.06,1.27,0.12768,0.64419,0.15593,2.5473402,6.15,0.882,8,9,18.96
1.02,0.76,0.02167,0.90747,0.36687002,7.1821957,4.96,1.439,4,8,10.9
2.96,4.56,0.07616,0.76644,0.01442,0.26949793,2.05,0.461,7,5,21.27
-0.67,1.4,0.54689,0.12729,-0.007,0.4546966,7.72,1.775,10,10,26.11
36.01,130.95,0.04654,0.41606,0.067210004,9.301675,0.29,0.809,9,10,27.57
2.88,3.83,0.2031,0.39619,0.06525,0.75582254,5.3,1.237,3,4,16.43
1.27,145.62,0.59911,0.19895001,0.29286,0.056079272,1.75,0.479,5,7,21.28
2.33,2.39,0.38213003,0.15564,0.18625,1.6616453,4.96,0.6,9,7,25.33
2.12,3.05,0.31497,0.55584,0.07871,0.9134492,1.64,2.785,5,8,39.31
5.79,5.29,0.01623,0.78766996,0.33426,4.518993,1.74,0.658,1,1,13.97
7.23,4.54,0.00535,0.95967,0.22997999,2.2438412,2.46,1.023,2,2,29.33
2.5,5.26,0.00981,0.96362,0.018480001,0.44507274,2.38,0.725,5,5,19.32
10.06,12.43,0.67695,0.2016,0.14624,7.5729513,0.79,0.241,7,7,32.07
8.59,10,0.00117,0.83747,0.19141,5.364669,1.98,0.789,1,4,13.82
3.34,498.35,0.00207,0.79792,0.015700001,0.2700299,2.92,0.739,2,3,20.04
10.35,12.51,0.00788,0.89281,0.29872,2.796532,2.27,1.445,7,1,22.5
11.23,14.27,0.03918,1.00891,0.0806,1.3388177,2.18,1.574,6,7,17.43
2.8,3.65,0.45301998,0.30002,0.01642,0.36972657,3.07,0.388,3,5,14.79
-0.09,14.37,0.01911,1.09791,-0.028199999,0.8070499,7.07,0.436,3,2,18.11
3.61,1.81,0.67035,0.19869,0.11123,0.6719485,3.79,0.338,1,2,36.86
2.81,2.91,0.00543,0.86983,0.108219996,2.3982468,1.56,1.095,4,4,30.97
-0.26,-0.8,0.04459,1.09175,-0.04338,2.7367272,4.34,1.08,9,8,18.16
7.51,9.87,0.00491,0.86767995,0.12524,2.904002,1.58,1.27,5,7,25.88
6.9,8.16,0.00491,0.86767995,0.12524,2.7012002,1.57,1.27,5,7,25.88
208.59,362.38,0.32817,0.2186,0.07485,0.37016204,7.35,1.192,5,6,17.37
1.43,1.76,0.25821,0.67870003,0.14723,2.40831,2.14,0.661,10,10,66.23
312.99,332.42,0.08434,0.68044,0.19243,3.8930209,0.62,0.351,4,3,26.59
0.66,0.63,0.014450001,0.53319,0.12375,0.045338668,2.01,0.298,1,1,23.67
57.11,64.93,0.18515,0.47123,0.08167,1.4361417,0.39,0.927,5,3,13.03
0.78,1.42,0.48792,0.22153,0.17658001,9.360786,0.42,0.594,6,4,18.46
4.92,5.47,0.00133,0.66681,0.09932999,2.3607805,4.09,0.46,1,4,27.01
2.8,3.25,0.00182,0.90709,0.12877,4.0090117,1.16,0.529,5,6,19.86
-0.24,0.51,0.04459,1.09175,-0.04338,2.5090737,4.37,1.08,9,8,18.16
4.05,8.93,0.00453,0.9797,0.10357001,5.46657,0.86,1.517,9,3,23.16
4.2,4.63,0.68711996,0.19186,0.31909,3.0670035,5.25,0.463,5,7,31.03
1.31,1.75,0.168,0.26773,0.37741002,3.8211937,8.67,0.554,2,2,14.8
0.98,0.99,0.02948,0.47896,0.060599998,0.015172489,2.21,-0.04,1,1,26.59
1.07,1.07,0.02948,0.47896,0.060599998,0.016512796,1.95,-0.04,1,1,26.59
2.86,4.64,0.00173,0.91700995,0.07326,1.5124009,4.21,0.966,1,1,27.51
1.44,1.47,0.168,0.26773,0.37741002,4.127291,8.76,0.554,2,2,14.8
0.55,0.67,0.23586,0.30638,0.040960003,0.60361093,5.46,0.946,1,1,21.64
5.87,7.49,0.34054002,0.48156,0.05757,0.7001191,2.24,0.789,6,3,26.68
2.92,3.95,0.51624,0.20582001,0.018550001,0.2536248,4.78,0.869,4,5,35.2
0.18,1.01,0.15043001,0.40853,0.00544,0.34576598,4.65,0.612,1,2,17.64
11.95,8.23,0.00496,0.91208,0.32630002,2.8061135,2.2,1.397,2,4,34.16
55.3,63.58,0.01455,0.95499,0.17229,1.0905108,2.28,0.551,5,8,17.96
1.57,3.51,0.32724997,0.37287,0.047620002,1.6533952,0.48,0.6,5,3,16.6
-1,2.37,0.53,0.2744,-0.03046,0.5231776,5.11,1.083,10,10,24.27
-1,1.47,0.53,0.2744,-0.03046,0.51950747,5.11,1.083,10,10,24.27
11.21,14.76,0.21059999,0.65288,0.15063,2.8850894,1.32,1.23,9,7,18.61
5.01,5.12,0.00692,0.97472,0.08095,1.8319829,1.17,0.987,7,4,16.56
13.46,15.73,0.00541,0.96353996,0.11589,3.1694117,0.98,0.855,9,8,29.19
13.04,10.11,0.01349,0.99305,0.22235,3.4561577,0.42,1.341,3,4,40.45
0.18,0.68,0.15043001,0.40853,0.00544,0.3453537,4.65,0.612,1,2,17.64
4.05,5.76,0.0095,0.87606,0.10142,5.252624,1.39,0.684,6,8,21.16
4.43,11.37,0.0095,0.87606,0.10142,5.7670546,1.39,0.684,6,8,21.16
2.7,2.68,0.00916,0.8973,0.23069,6.6697097,1.17,0.807,2,3,29.98
-24.2,6.67,0.01553,0.6246,-2.22733,8.395551,4.7,1.051,2,2,11.11
3.03,3.27,0.020280002,0.89883006,0.16695999,1.7905487,1.46,1.62,6,4,9.63
109.87,117.63,0.19009,0.34127,0.12913999,6.0610533,1.92,0.435,3,1,20.86
96.41,109.83,0.19009,0.34127,0.12913999,5.4255967,1.92,0.435,3,1,20.86
8.11,12.5,0.63163,0.31514,0.1097,2.2259066,4.89,0.26,4,7,20.81
2.77,3,0.0438,0.91769,0.50978,8.507512,6.21,0.936,3,7,15.65
0.62,2.41,0.09681,0.71178,0.04616,2.032532,2.9,1.074,8,6,16.48
1.18,1.31,0.29756,0.30087,0.06348,0.8643976,2.35,0.533,2,6,28.58
-9.12,-1.97,0.00115,0.93036,-0.64922,3.9427376,6.78,1.672,9,7,12.72
1.21,3.32,0.0187,0.52936,0.015570001,0.17488964,1.27,1.577,7,3,26.35
13.53,27.64,0.00271,0.83916,0.05233,1.7681512,1.58,0.343,3,3,27.53
2.17,3.31,0.70594,0.120179996,0.07955,0.81589454,5.48,0.857,10,10,26.48
2.93,4.49,0.70594,0.120179996,0.07955,1.100519,5.47,0.857,10,10,26.48
1.99,2.93,0.70594,0.120179996,0.07955,0.7448871,5.5,0.857,10,10,26.48
33.32,22.67,0.09453,0.74974996,0.111,2.7320898,1.44,1.138,2,5,16
2.56,2.11,0.06628,0.64749,0.07309,1.2440755,2.7,0.966,1,1,18.75
1.84,1.79,0.00556,1.0009999,0.28999,3.3353984,4.49,0.999,2,5,60.59
1.14,0.63,0.00266,0.44338,0.41759998,2.5630662,6.18,0.593,2,3,25.47
17.43,17.89,0.27276,0.64572,0.080690004,1.199374,0.9,1.651,5,7,28.84
56.83,66.1,0.61245996,0.25004998,0.14509,340.36417,2.42,0.627,2,4,12.92
6.09,4.98,0.09719,0.36018002,0.113299996,1.8400162,4.21,1.059,2,4,25.6
0.64,1.12,0.00088,0.96603996,0.051230002,7.2824516,3.79,1.081,9,1,13.23
0.52,0.42,0.00296,0.74416,0.14031,5.1547847,4.9,0.999,1,2,13.59
7.32,6.95,0.00431,0.96097,0.10198,1.1087375,2.34,0.879,3,4,16.63
0.85,2.15,0.30715,0.39143002,0.06609,1.842499,2,0.446,7,9,25.28
0.67,1.75,0.30715,0.39143002,0.06609,1.467417,1.99,0.446,7,9,25.28
15.68,14.74,0.022839999,0.9224,0.05946,0.92504865,2.11,0.603,4,2,45.22
3.98,4.21,0.02022,0.98089,0.25885,10.680231,0.57,1.257,6,7,17.56
-0.26,0.44,0.53398,0.13045,-0.31573,3.8765068,4.91,0.55,10,10,17.26
0.96,0.38,0.013150001,1.04125,0.13918,2.5421896,3.82,1.325,7,6,13.35
13.99,17.81,0.5022,0.24162,0.05059,0.88231254,2.69,0.549,5,6,18.87
13.99,9.99,0.5022,0.24162,0.05059,0.8729263,2.69,0.549,5,6,18.87
-0.05,1.84,0.00846,0.89475,-0.00314,0.32645673,5.09,1.581,1,1,14.2
6.95,8.13,0.75714,0.09236,0.01883,0.2891359,5.29,1.261,8,7,24.72
1.33,1.93,0.00219,0.89212996,0.06548,1.4554529,2.22,0.267,8,7,30
5.59,9.57,0.54197,0.21132,0.05553,1.6650935,1.96,0.574,7,9,28.7
1.15,1.32,0.62141997,0.08144,0.51623,0.6425516,3.53,0.57,1,1,18.02
8.32,7.43,0.0031,0.8089,0.16675,3.2908967,1.96,0.339,10,9,26.05
-0.09,3.16,0.060289998,0.8629,0.01653,0.66098934,2.96,1.127,1,4,27.05
14.07,17.57,0.0035,0.90167,0.14141,4.011271,2.12,0.932,5,8,19.6
12.92,9.61,0.0035,0.90167,0.14141,3.5931659,2.11,0.932,5,8,19.6
118.42,138.65,0.33055001,0.35365,0.21198,2.612153,3.23,0.353,4,3,18.15
19.98,24.61,0.0021,0.94122005,0.0234,0.39330792,0.67,0.453,1,1,22.47
-0.1,1.66,0.060289998,0.8629,0.01653,0.7100101,2.96,1.127,1,4,27.05
1.14,1.44,0.00935,0.82069,0.28092,2.52672,4.77,1.115,9,7,21.84
0.32,0.47,0.24205999,0.46473,0.15803,5.484052,1.17,1.055,8,9,11.56
0.72,0.71,0.00245,0.44282,0.097349994,1.4010701,4.04,0.563,2,3,21.94
22.37,117.33,0.21616,0.18035999,0.41762,3.729539,7,1.37,1,2,26.77
3.86,5.23,0.01131,0.92222,0.29644,8.827068,1.24,1.03,3,6,19.78
7.21,7.04,0.00221,1.01539,0.18208,5.0632086,1.11,0.966,6,3,29.34
7,15.49,0.00225,0.54725,0.04593,1.3957857,2.14,0.541,2,1,21.19
-9.24,3.96,0.001,1.00363,-0.22363001,1.7207025,2.81,1.229,3,1,22.69
2.28,2.62,0.00031,0.56229,0.18655,2.5977583,1.06,1.763,1,2,14.81
3.46,3.71,0.05688,0.63151,0.34658,6.164124,1.82,0.979,8,2,19.62
8.95,9.39,0.00338,0.82778,0.18358,4.573022,2.28,1.144,5,8,25.29
2.48,328.87,0.06543,0.74117994,0.12878,0.84762686,9.44,0.416,5,2,32.06
0.09,3.45,0.060700003,0.68908,0.01352,0.66404194,4.7,1.454,5,3,31.12
6.31,6.71,0.69608,0.26541,0.096429996,0.7177048,2.66,1.837,10,10,37.2
0.85,5.3,0.00282,0.97612,-0.67753,4.080048,1.78,0.972,5,1,17.48
9.6,10.26,0.00853,0.87386,0.0788,0.9314706,2.92,0.813,2,2,28.61
0.4,2.24,0.0006,0.68302,0.03115,3.3451784,2.94,0.996,3,1,18.87
0.05,2.02,0.00522,0.41275,0.61753,26.649446,12.49,1.437,2,3,16.15
32.17,15.99,0.7339,0.13873,0.059970003,0.28333494,6.81,0.771,7,6,41.92
239.72,243.02,0.22319001,0.38759,0.054619998,0.44916114,3.53,1.077,8,9,26.77
0.09,4.45,0.060700003,0.68908,0.01352,0.6635964,4.71,1.454,5,3,31.12
0.54,2.47,0.6197,0.26102,0.00335,0.142687,5.04,0.227,7,4,48.32
6.4,7.77,0.19782,0.76291,0.05677,1.4327637,0.84,1.114,9,10,14.82
1.07,0.75,0.71933997,0.18548,0.06347,1.2390083,1.98,1.612,7,6,13.49
0.98,0.73,0.71933997,0.18548,0.06347,1.1038555,1.98,1.612,7,6,13.49
8.54,10.55,0.03173,1.0806401,0.06288,0.60639894,4.36,2.148,2,1,14.52
296.94,349.12,0.05974,0.38435,0.03475,0.30296144,3.53,1.562,4,6,39.83
1.85,2.67,0.032899998,0.59146,0.13925,6.7931466,2.22,1.077,3,1,28.51
0.96,2.32,0.00566,0.6929,0.012660001,0.22178917,3.3,0.962,2,3,22.83
1.2,1.42,0.56183,0.22543,0.0247,0.39339125,2.9,0.31,10,9,14.11
0.87,1.93,0.01276,0.94597,0.055749997,1.9318098,2.97,0.979,5,5,14.82
46.03,31.33,0.6464,0.16469999,0.06361,1.1137393,1.32,1.093,6,5,36.66
152.59,152.49,0.3524,0.27986,0.02807,0.254705,2.68,0.747,9,8,23.45
219.9,251.96,0.12206,0.32354,0.04038,0.56284666,3.67,0.622,3,4,32.44
2.49,2.6,0.00855,0.72141,0.06725,0.8199755,3.28,0.933,2,2,10.69
2.91,3.54,0.00855,0.72141,0.06725,0.9587228,3.27,0.933,2,2,10.69
-1.83,1,0.02217,1.03378,-0.093669996,1.0629897,3.28,1.219,7,3,17.99
0.69,3.64,0.26959,0.38114,-0.02664,0.70496184,1.16,1.09,2,3,18.19
0.17,23.06,0.00459,0.82853997,0.025510002,0.32195145,3.75,1,2,2,9.65
2.33,4.5,0.465,0.3328,0.02675,0.5609141,1.62,1.98,10,9,20.58
13.7,13.22,0.58857,0.17521,0.06,1.335552,3.65,0.893,8,6,15.03
-0.93,6.03,0.019019999,1.26569,0.01814,0.1440599,5.81,2.005,1,1,12.34
0.94,0.7,0.02167,0.90747,0.36687002,6.5847497,4.99,1.439,4,8,10.9
276.71,299.92,0.2232,0.40178,0.08168,2.8922787,0.77,0.684,9,9,36.45
0.73,1,0.5367,0.20684,0.18359,0.024167545,1.54,0.196,1,1,24.17
4.09,5.34,0.00043,0.69523,0.18034,6.213905,1.6,0.261,1,1,16.1
0.35,0.33,0.01447,0.39141998,0.58544,1.3877953,3.66,0.765,2,1,39.81
0.21,0.23,0.02846,0.63778996,0.15517999,2.4209964,4.73,0.217,1,2,17.12
4.1,4.84,0.116569996,0.39783,0.09081,1.7699249,0.89,0.512,1,2,24.61
201.83,182.73,0.0342,0.67724997,0.078940004,0.8837504,2.01,0.872,3,5,19.76
12.02,11.17,0.58857,0.17521,0.06,1.185184,3.64,0.893,8,6,15.03
4.1,3.82,0.116569996,0.39783,0.09081,1.7779521,0.89,0.512,1,2,24.61
0.67,0.82,0.5367,0.20684,0.18359,0.021645093,1.71,0.196,1,1,24.17
3.26,5.09,0.00539,0.77062,0.14269,4.860875,1.58,0.743,8,8,24.83
4.85,5.68,0.00861,0.96843004,0.23444,5.5944414,4.29,1.516,10,10,16.67
-0.9,4.19,0.03498,0.5593,-0.02994,1.3368427,5.32,1.454,5,4,23.03
1.14,1.68,0.30200002,0.22915001,0.04303,0.8217741,4.7,1.142,1,1,20.37
9.69,18.18,0.00374,1.05932,0.024400001,0.3415201,1.86,1.536,1,1,12.36
9.36,10.5,0.01837,0.81247,0.13008,3.38933,1.72,1.209,3,4,21.87
5.21,6.09,0.0505,0.92617995,0.10560001,0.86488074,3.94,1.631,5,3,24.72
1.47,1.15,0.11598,0.44257998,0.23097,3.0878842,1.3,0.831,6,6,21.98
16.52,22.17,0.101619996,0.6957,0.11845,3.3903048,1.26,1.03,2,1,19.52
8.9,17.23,0.00374,1.05932,0.024400001,0.31109145,1.85,1.536,1,1,12.36
0.07,27.14,0.00846,0.48574,0.03813,1.2419533,7.3,1.335,1,1,16.96
-0.05,0.02,0.37453,0.27903,-0.28169,7.0007606,19.57,1.615,8,7,35.54
8.61,6.88,0.01837,0.81247,0.13008,3.066213,1.72,1.209,3,4,21.87
12.62,14.3,0.02575,0.95019996,0.11585,1.1189756,0.97,1.52,10,10,25.36
1.01,3.26,0.22087999,0.63458,0.05908,1.7979773,2.94,1.348,2,3,25.89
0.87,2.22,0.01591,1.08601,-0.0404,0.26353317,3.89,1.435,2,1,12.25
-0.92,3.12,0.01831,0.67467004,-0.02895,0.48595545,4.58,1.196,2,4,14.53
4.2,4.93,0.04161,0.48958,0.13645001,3.0335255,1.94,0.906,3,1,11.77
1.21,409.11,0.076630004,0.63229,0.09082,5.9743233,1.08,0.331,3,5,18.45
89.14,121.74,0.16309999,0.47647998,0.058520004,2.264777,1.26,0.664,8,8,34.08
91.24,71.47,0.16309999,0.47647998,0.058520004,2.2622333,1.26,0.664,8,8,34.08
30.35,35.42,0.48453,0.20583001,0.17613001,5.036179,1.37,1,10,9,12.17
5.95,15.29,0.20405,0.72664,0.05143,0.7296331,5.1,1.199,2,2,20.69
5.92,14.35,0.0032,0.85846,0.06319,1.898061,1.85,0.651,4,6,56.96
4.71,4.42,0.00667,0.95768,0.2573,7.239127,3.05,0.788,2,9,13.09
-1.28,-0.11,0.00723,0.89648,-0.32002,4.3057513,9.72,2.33,2,1,12.08
1.76,6.61,0.014099999,0.9896,0.00469,0.18825792,2.93,1.515,2,3,9.79
9.36,5.21,0.17778999,0.64537,0.48937,10.267527,1.18,1.628,7,4,21.43
10.18,10.74,0.17778999,0.64537,0.48937,11.409843,1.29,1.628,7,4,21.43
4.02,4.57,0.00319,0.98743,0.113970004,2.0366948,1.49,1.257,8,3,22.19
0.6,1.54,0.00798,0.96037,0.0394,1.2558428,5.17,0.959,1,5,15.46
8.5,8.76,0.00307,0.85488,0.27027,6.294551,1.08,1.593,1,2,12.74
324.71,316.06,0.06869,0.40178,0.04359,0.22999123,3,1.025,7,7,31.48
1.29,1.54,0.29696,0.23691,0.35720003,3.6153374,4.79,1.104,1,1,15.66
2.32,3.19,0.00015,0.87593,0.10216,2.5454636,1.61,0.72,10,10,26.07
2.36,1.48,0.01195,0.72846,0.08904,0.9717928,3.19,0.674,1,1,35.57
2.17,2.27,0.01195,0.72846,0.08904,0.91192204,3.2,0.674,1,1,35.57
5.6,11.05,0.40909,0.16259001,0.01998,0.5508106,3.07,1.332,4,6,8.85
2.93,0.46,0.21038,0.69217,0.07086,0.78487,0.81,2.188,1,2,24.76
5.7,10.13,0.06097,0.74571997,0.02834,0.47651243,2.86,1.718,7,3,18.54
7.57,14.25,0.00193,0.90726995,0.21013,9.794117,0.84,1.152,2,2,13.04
3.95,2.48,0.00106,0.72099,0.29294002,4.1528554,2.18,1.031,10,7,21.38
258.12,272.99,0.030620001,0.36116,0.22469,2.580728,4.31,0.478,1,1,20.27
4.37,4.74,0.00139,0.45158002,0.048130002,0.79366225,1.51,0.037,2,6,23
1.66,7.31,0.16407,0.7598,0.02359,0.71606886,3.46,1.033,4,2,16.43
8.15,7.37,0.00441,0.89879996,0.5793,13.0565605,2.95,0.498,10,9,17.8
2.01,0.94,0.06869,0.40178,0.04359,0.001416537,3.02,1.025,7,7,31.48
4.33,2.77,0.00667,0.95768,0.2573,6.6827097,3.05,0.788,2,9,13.09
-1.18,-0.17,0.00723,0.89648,-0.32002,3.9263484,9.75,2.33,2,1,12.08
1.91,7.53,0.16137,0.77674,0.17464,5.3068757,1.47,0.927,2,4,13.09
9.5,10.28,0.00202,0.35016,0.34217,3.8212056,3.82,1.111,1,2,15.44
0.37,0.89,0.00082,1.0283899,0.022880001,1.3657545,1.2,1.346,10,7,11.47
7.87,8.93,0.10493,0.74745005,0.18586999,5.2201796,0.91,1.005,9,3,24.89
454.86,573.41,0.06961,0.40727,0.035550002,0.8503473,1.63,0.342,6,4,14.28
5.78,4.77,0.013760001,0.12686,0.28430998,0.6177189,1.36,0.592,10,7,18.55
0.3,1.04,0.00192,0.55712,0.047399998,2.1853583,2.21,0.512,4,2,25.14
4.81,5.14,0.00101,0.39801997,0.12007,2.9953096,2.5,0.284,3,5,27.29
40.42,25.82,0.31136,0.62331,0.14411001,2.1862223,2.08,0.461,4,7,36.07
7.37,13.24,0.00124,0.78283,0.1503,4.357464,1.9,1.304,6,2,23.92
0.76,205.86,0.03056,0.58404,0.065799996,0.006465083,3.07,0.627,5,6,23.96
122.36,170.27,0.03056,0.58404,0.065799996,1.0485656,3,0.627,5,6,23.96
0.69,74.95,0.00106,0.49542,0.37041,1.8765687,5.21,0.284,6,6,21.93
1.77,6.96,0.34292,0.49262002,0.018509999,0.6028757,3.34,1.339,3,2,17.31
0.25,61.9,0.01511,0.37854,0.08096,0.012804133,2.43,0.683,2,2,21.49
1.36,1.41,0.00316,0.92623,0.12975,1.9633582,3.37,0.48,1,2,26.02
2.5,1.84,0.00729,0.97258,0.11569,0.85245883,1.25,1.735,3,4,32.11
2.3,1.66,0.00729,0.97258,0.11569,0.77840614,1.17,1.735,3,4,32.11
411.25,10,0.024939999,0.51201,0.67193,7987.4365,0.22,0.684,9,8,15.45
2.95,3.16,0.00147,0.82227,0.12467,1.8533205,2.78,0.37,3,7,26.45
4.04,5.45,0.00338,0.94393,0.15208,3.1826725,2.96,1.254,3,2,15.43
7.06,7.57,0.00202,0.35016,0.34217,2.8256822,3.83,1.111,1,2,15.44
18.25,22.66,0.52391,0.38819,0.11137,1.7559917,4.04,0.46,3,7,39.43
91.38,117.58,0.58746,0.20081,0.03004,0.80330807,1.14,0.789,4,4,18.89
4.67,7.32,0.00509,0.86154,0.16407,2.2939022,3.03,1.134,4,7,23.86
1.6,1.95,0.14005,0.28871,0.16895,1.5314877,1.57,0.475,2,3,16.35
0.49,42.5,0.31167,0.38369998,0.32715,1.4834896,10.71,1.335,4,1,19.95
4.02,4.3,0.11517,0.88858,0.08109,1.1521558,2.57,0.845,10,10,21.37
1.46,1.85,0.14005,0.28871,0.16895,1.3946563,1.56,0.475,2,3,16.35
171.78,97,0.01603,0.46473998,0.15484999,1.9641256,0.76,0.308,10,10,33.94
1.9,2.17,0.00337,0.74041003,0.15585,2.3228333,4.4,0.709,2,3,31.82
31.52,96.11,0.01001,0.58712,0.2952,2.778438,0.65,0.566,1,1,26.29
6.91,8.39,0.013739999,0.95842004,0.0947,1.2499048,3.71,0.972,2,5,16.28
4.74,11.85,0.315,0.41171002,0.04027,0.35566947,3.74,1.27,4,6,30.77
4.74,6.59,0.315,0.41171002,0.04027,0.35694274,3.74,1.27,4,6,30.77
4.74,6.79,0.315,0.41171002,0.04027,0.3572823,3.75,1.27,4,6,30.77
1.93,2.37,0.07819,0.73403,0.08247,1.0359867,3.86,0.858,3,3,28.3
5.37,6.4,0.05051,0.78159,0.080970004,1.1479207,3.46,-0.076,6,4,18.05
-4.08,-0.03,0.048410002,0.43341,-0.83815,0.35449973,1.06,0.793,5,5,30.66
-0.53,-0.08,0.37453,0.27903,-0.28169,73.1525,16.56,1.615,8,7,35.54
-50.09,26.74,0.551,0.22976999,-0.25873,1.8807088,1.79,0.654,1,2,17.25
11.51,14.03,0.57032,0.16278,0.15016,5.7987504,1.71,0.709,6,6,18.74
0.65,4.47,0.02228,0.77843004,0.02237,2.4533415,2.01,1.101,10,3,17.61
224.22,431.32,0.1766,0.33788,0.06025,1.7001885,2.23,0.226,8,8,25.43
0.44,3.52,0.02228,0.77843004,0.02237,1.6761289,2,1.101,10,3,17.61
10.64,9.49,0.005,0.81893,0.19556999,1.7319645,2.31,2.67,1,1,35.01
7.26,7.15,0.005,0.81893,0.19556999,1.1659349,2.38,2.67,1,1,35.01
3.54,2.2,0.120249994,0.88858,0.02063,0.31577688,0.65,1.638,3,6,52.12
0.09,0.01,0.9435,0.03579,0.03111,0.7997577,8.2,0.869,7,5,12.77
8.49,10.11,0.014889999,0.92197,0.09807,2.078869,3.07,0.788,6,9,18.64
0.5,4.54,0.00989,1.03041,0.00263,0.44416842,2.19,1.162,1,1,11.52
4.5,5.02,0.10814,0.76905,0.31617,8.414578,2.71,0.939,3,8,16.73
11.76,12.42,0.0024,0.84853995,0.07231,1.1233622,2.29,0.593,4,6,20.33
2.22,2.43,0.00069,0.62033004,0.19463,2.103018,6.06,1.482,3,5,20.82
-0.03,2.88,0.00441,0.98959,-0.00273,0.87353617,2.35,0.621,2,1,36.38
57,47.85,0.55998003,0.23358999,0.53335,3.506947,5,0.84,5,4,20.46
4.2,4.85,0.00091,0.58362997,0.39655,3.5308766,7.82,0.68,3,1,31.32
7.8,9.4,0.014889999,0.92197,0.09807,1.9152812,3.07,0.788,6,9,18.64
1.33,6.31,0.0029,0.88138,0.25198,4.312392,0.24,1.096,8,3,16.7
12.5,17.76,0.033269998,0.86285,0.19169001,4.74071,0.79,0.852,5,3,23
3.29,2.99,0.00331,0.96269995,0.36722,14.2262125,2.35,1.014,9,6,10.27
6.2,12.99,0.00172,0.58486,0.046090003,0.6871169,4.99,1.358,1,4,19.91
8,10.39,0.05919,0.8617,0.055770002,0.5321138,2.49,1.593,2,3,12.3
55.12,74.83,0.00504,0.45348,0.16847,3.319037,1.55,1.636,1,1,12.29
18.57,18.67,0.00759,0.82018995,0.25261,2.755626,4.09,1.329,6,3,32.1
3.44,3.69,0.00435,0.97016996,0.15170999,2.9857128,1.52,1.19,4,4,22.06
4.24,5.97,0.00047,0.78428,0.11632,2.2792096,3.42,0.509,2,1,26.14
4.91,8.5,0.00312,0.83494,0.0696,1.6343124,1.7,1.281,7,8,25.21
0.92,1.64,0.00092,0.78269994,0.08903,2.1743925,4.95,0.824,3,1,31.32
-0.73,0.64,0.01285,0.86785007,-0.033859998,0.5301767,2.24,0.244,2,1,48.41
1.84,3.04,0.00028,0.85419,0.0343,0.857002,1.67,1.102,5,2,16.46
0.79,107.5,0.03464,0.56683,0.0921,1.5071834,5.23,1.357,1,1,17.56
0.68,40.79,0.00266,0.82382005,0.10288999,2.454836,2.79,0.297,1,1,6.03
0.53,70.72,0.00266,0.82382005,0.10288999,1.915836,2.74,0.297,1,1,6.03
10.17,8.57,0.10102,0.80577004,0.47262,9.836653,3.25,0.532,4,9,13.05
10.77,9.08,0.0073,0.92748,0.16202,1.3506675,1.13,1.563,5,3,21.42
7.72,9.6,0.00623,1.02733,0.05756,0.77855414,0.12,2.204,1,1,16.01
0.86,0.91,0.00276,0.38764,0.07314,0.4989288,6.08,0.539,3,1,35.1
-6.47,385.86,0.10416,0.43051997,-0.52659,2.0000956,7.5,0.24,3,1,32.99
0.67,0.74,0.00276,0.38764,0.07314,0.40071347,6.07,0.539,3,1,35.1
4.6,5.53,0.01202,0.93768,0.03566,1.5571096,0.26,1.105,4,3,36.91
1.34,1.88,0.00437,0.45446,0.05288,1.0276186,2.92,0.712,1,1,19.26
-0.15,1.44,0.01283,0.68691003,-0.028210001,1.0512668,6.59,0.949,5,6,27.76
9.23,9.2,0.22851999,0.62520003,0.11432999,1.3835932,1.89,0.775,3,8,27.87
3.28,2.34,0.02892,1.00761,0.34118998,2.779891,0.76,1.834,1,2,44.88
2.91,4.28,0.00111,0.59861,0.11248,3.3609197,2.85,0.066,3,4,22.68
6.94,2.61,0.58756,0.092930004,0.27441,0.7213101,4.07,1.404,5,6,17.97
0.29,0.33,0.8489,0.12047,0.14051,1.600846,1.25,1.062,6,8,16.22
6.95,-2.95,0.0067,0.59376,0.27547002,0.001355233,37.53,1.52264,3,5,33.86
5.48,6.71,0.00122,0.96252,0.11567,3.9436488,1.55,0.68,3,3,20.91
5.7,4.04,0.69484,0.22434,0.39666998,10.419122,1.74,0.395,5,8,14.55
12.35,14.08,0.0042,0.96583,0.04858,0.6137631,2.29,0.883,1,1,23.06
7.51,3.15,0.0053,0.39445,0.12595999,4.472504,2.57,1.223,9,7,11.29
7.35,6.46,0.097950004,0.75558,0.14716,1.9756719,1.48,1.053,6,5,27.02
2.27,353.22,0.00111,0.59861,0.11248,2.610096,2.86,0.066,3,4,22.68
5.55,6.59,0.00819,0.56629,0.19768,5.6825113,0.88,0.655,3,8,26.39
11.37,15.15,0.34869,0.25051,0.04197,0.24074857,5.62,1.683,6,5,22.34
11.37,13.29,0.34869,0.25051,0.04197,0.23922399,5.63,1.683,6,5,22.34
1.94,2.02,0.00254,0.81747,0.29540002,2.3750095,3.88,1.206,6,1,16.85
10.5,13.49,0.00173,0.79956,0.13349,3.4916978,1.8,1.429,8,3,17.67
1.2,4.01,0.10262,0.64287,0.04397,1.1638575,3.28,0.554,10,10,23.27
0.88,719.28,0.120179996,0.44624,0.12167,0.012499774,1.83,0.9,2,3,27.39
0.89,1.11,0.42541,0.53357,0.14152999,7.356446,1.03,0.632,9,10,19.31
12.75,19.95,0.00446,0.98700994,0.22406,9.46148,0.52,0.99,6,2,20.44
5.56,6.55,0.02012,0.90645,0.09199,2.3842769,0.95,1.048,6,6,18.23
5.03,4.44,0.00122,0.96252,0.11567,3.624507,1.55,0.68,3,3,20.91
3.75,4.66,0.012159999,0.82115996,0.071550004,1.8676413,1.86,1.034,8,6,32.84
5.11,5.36,0.02012,0.90645,0.09199,2.2007184,0.94,1.048,6,6,18.23
20.82,14.11,0.00683,0.81325996,0.090229996,1.1429217,1.83,0.873,1,1,19.77
0.12,27.33,0.010989999,0.90022004,0.070879996,2.2399406,1.21,0.537,9,4,15.47
1.95,2.32,0.039619997,0.45334998,0.04183,0.66394836,2.45,0.643,1,2,23.31
9.65,10.26,0.00173,0.79956,0.13349,3.2845476,1.78,1.429,8,3,17.67
-1.56,0.3,0.0184,0.90225,-0.18145001,0.2557943,2.98,1.788,3,6,22.67
0.58,1.41,0.42110002,0.23672001,0.01923,0.4689948,2.11,0.336,5,7,29.67
2.32,2.83,0.08479,0.43140998,0.15994,2.752234,5.94,0.736,1,1,13.81
1.06,0.87,0.0031,0.65295,0.20846,1.2776781,4.42,0.865,9,1,25.72
3.14,3.54,0.88992,0.08282,0.24507,8.015662,4.63,1.276,7,10,27.49
-6.47,8.67,0.25384,0.77318,-0.11525,1.0937086,2.71,1.674,6,6,37.78
2.34,3.27,0.00839,0.96418,0.062230002,0.93953073,1.64,1.281,1,1,16.1
3.46,4.37,0.17456,0.72778,0.24079001,4.703182,1.3,1.01,6,8,18.85
4.41,8.46,0.0003,0.91470003,0.18385,2.419713,3.07,0.714,7,2,23.59
2.99,4,0.19351,0.39176998,0.08351,2.363033,3.37,0.577,1,2,18.76
14.09,11.62,0.1297,0.53572,0.46849,3.853916,4.67,0.607,6,8,16.82
3.28,3.11,0.04665,0.61069,0.36330003,0.03294812,1.81,0.36,1,1,24.38
12.05,12.94,0.09358,0.40185001,0.11344,2.0219002,3.3,1.285,1,2,28.47
20.76,14.65,3.00E-05,0.87308,0.51079,0.048957843,316.36,1.785343,4,6,32.04
6.64,9.35,0.052160002,0.52244,0.0945,3.7785928,1.14,0.886,2,3,21.31
1.24,0.14,0.1067,0.91247004,0.48235,5.3890433,4.88,1.589,1,1,14.26
3.18,4.02,0.17456,0.72778,0.24079001,4.2836976,1.3,1.01,6,8,18.85
1.19,1.1,0.001,0.60677,0.28492,0.0919683,6.13,0.733,3,2,23.36
6.97,8.26,0.38339,0.26403,0.04824,0.78165096,1.87,0.861,8,8,17.69
3.91,5.41,0.00028,0.56130004,0.102589995,1.0318719,3.95,0.972,2,2,13.78
5.26,7.34,0.00028,0.56130004,0.102589995,1.3975629,3.95,0.972,2,2,13.78
2.41,2.89,0.01124,1.00851,0.39716,3.0872898,1.61,1.168,1,1,22.43
1.22,2.2,0.00111,0.59638,0.03326,0.8445972,0.54,1.564,6,5,26.58
0.51,0.63,0.02701,0.49865,0.09179,0.011699439,2.06,0.262,2,3,27.09
3.46,4.43,0.01254,0.85065,0.26727,2.7278388,3.86,1.413,1,3,24.17
4.71,9.4,0.11366,0.46789002,0.11731,2.573716,3.73,0.443,2,2,21.46
0.24,0.88,0.00192,0.55712,0.047399998,1.6903389,2.22,0.512,4,2,25.14
3.8,5.69,0.44325,0.34118998,0.03508,0.510234,2.97,0.759,5,4,22.38
4.8,5.48,0.0072,0.78909,0.07004,0.8087498,3.11,0.682,1,3,21.35
10.02,13.24,0.17613001,0.42286,0.16476,4.38915,1.47,0.987,3,3,16.03
-4.42,4.85,0.03223,1.04407,0.63896,0.8748123,2.54,1.188,2,4,28.83
8.24,15.96,0.00193,0.90726995,0.21013,10.600278,0.84,1.152,2,2,13.04
-5.78,2.16,0.00816,0.9322,-0.10189,0.62514246,0.4,1.74,1,1,32.16
5.58,8.51,0.00507,0.90200996,0.16338,1.8394756,3.06,1.53,5,6,24.08
14.65,9.21,0.06688,0.86846,0.1304,1.1777912,2.15,1.419,4,8,32.98
-0.02,66.79,0.00747,0.75821,-0.00053,0.12071264,4.61,1.219,7,8,18.54
0.42,108.8,0.00243,0.75842005,0.046290003,3.3164375,4.02,0.395,3,1,14.28
2.33,3.49,0.06323,0.85978997,0.26899,6.0159497,1.38,0.996,10,8,23.28
0.7,2.95,0.00419,0.81988,0.017819999,0.5981517,1.04,1.163,5,9,30.67
37.57,36.82,0.50978,0.19302,0.15453,2.7768617,4.21,0.126,2,2,15.97
3.18,4.13,0.01254,0.85065,0.26727,2.4898448,3.88,1.413,1,3,24.17
3.76,4.22,0.00129,0.85699,0.02686,0.48742262,2.47,1.151,4,2,15.95
2.44,3.59,0.050240003,0.63569,0.07198,3.216402,0.97,0.44,4,3,21.01
2.44,3.83,0.050240003,0.63569,0.07198,3.232654,0.97,0.44,4,3,21.01
0.46,0.77,0.02701,0.49865,0.09179,0.010509146,2.14,0.262,2,3,27.09
3.3,615.22,0.10286,0.52437,0.04645,0.004271561,1.88,1.013,5,7,25.31
3.12,1.55,0.70949996,0.059710003,0.06555,0.25024477,2.31,0.387,10,8,38.21
7.85,7.82,0.03173,1.0806401,0.06288,0.56755483,4.48,2.148,2,1,14.52
1.32,7.13,0.01056,0.78099996,0.01289,1.0471355,1.46,0.707,4,1,17.65
-5.31,0.06,0.00816,0.9322,-0.10189,0.5940857,0.4,1.74,1,1,32.16
7.74,7.48,0.05424,0.6421,0.111499995,3.6234155,2.19,1.025,2,3,11.32
7.07,9.32,0.05424,0.6421,0.111499995,3.3411617,2.25,1.025,2,3,11.32
0.76,1.01,0.00032,0.43004,0.04275,0.010915603,4.57,0.539,1,1,22.32
6.95,14.5,0.00226,0.98684996,0.11979,3.1007254,0.46,1.106,6,9,29.63
17.01,19.77,7.00E-05,0.74351,0.07214,85.52705,4.46,0.061,1,3,27.54
2.78,2.65,0.34122002,0.23398,0.32476002,0.5862724,0.21,0.631,10,5,19.25
-0.22,0.36,0.18697001,0.25658,-0.02194,0.60083336,8.59,0.689,4,5,15.47
-0.2,0.32,0.18697001,0.25658,-0.02194,0.5513946,8.43,0.689,4,5,15.47
10.52,8.4,0.00147,0.94745004,0.20694,2.6979444,1.77,1.395,4,4,14.8
10.79,16.71,0.02063,0.53376997,0.07214,0.60499734,1.5,0.696,4,5,12.97
0.25,19.22,0.020550001,0.65159,0.02125,0.38384476,3.83,0.522,1,3,21.86
-1.84,2.6,0.00856,0.09482,-0.03528,348.3374,2.96,1.042,5,3,29.69
2.51,6.05,0.00458,1.07783,0.16768,5.381925,0.47,1.552,1,2,17.03
1.28,9.01,0.00972,1.00532,0.19577,9.2198515,0.45,1.223,10,4,55.17
-2.27,6.82,0.024,0.84097,-0.01619,0.34894723,2.57,0.76,10,10,35.92
6.12,7.89,0.54197,0.21132,0.05553,1.7923998,1.99,0.574,7,9,28.7
3.22,3.48,0.00576,0.85223,0.28664,2.983598,3.74,1.278,8,8,16.84
5.05,7.87,0.04765,0.99065,0.026199998,0.53010905,1.97,1.782,1,1,26.54
3.55,3.38,0.00094,0.93179,0.08252,1.8834559,1.33,0.866,7,5,14.38
11.87,8.9,0.011410001,0.94495004,0.13974,1.156385,1.17,1.642,2,4,22.56
6.02,3.53,0.76739997,0.08472,0.02938,0.3452717,3.98,0.809,5,7,19.15
6.02,6.79,0.76739997,0.08472,0.02938,0.345045,3.98,0.809,5,7,19.15
-0.2,0.48,0.18697001,0.25658,-0.02194,0.5537975,8.41,0.689,4,5,15.47
5.19,6.1,0.03458,0.58997,0.19423,0.061324175,2.58,1.277,7,8,14.26
3.18,7.27,0.00174,0.95189005,0.1331,8.198257,2.19,0.676,1,2,10.9
2.25,2.27,0.13862,0.28428,0.10293,0.007351782,2.49,0.499,9,10,29.76
2.52,3.94,0.00588,0.91134,0.06529,1.9899557,1.23,0.727,5,3,21.06
12.79,20.7,0.0024,0.84853995,0.07231,1.2292728,2.3,0.593,4,6,20.33
7.13,13.42,0.02022,0.75871,0.27687,3.6600351,3.14,1.402,8,8,16.91
9.26,8.16,0.0064,1.00835,0.076069996,1.7868501,1.36,0.842,1,1,16.1
7.97,8.5,0.07509,0.44922,0.097670004,0.6680038,6,0.781,2,3,28.29
7.97,8.17,0.07509,0.44922,0.097670004,0.6665109,5.99,0.781,2,3,28.29
8.67,8.9,0.07509,0.44922,0.097670004,0.7142517,6.01,0.781,3,4,28.29
0.12,0.12,0.00646,0.15245,0.08882,1.2223164,7.41,0.327,3,3,23.81
0.1,10.82,0.00826,0.69777,0.099300005,1.4093101,2.5,1.767,4,8,14.18
0.58,1.21,0.00019,0.56299996,0.04204,1.6497556,4.82,0.702,1,2,17.42
3,4.43,0.00127,0.79569,0.21093,2.351572,3.87,1.054,4,4,27.04
1.76,6.65,0.36117,0.40596,0.06619,4.033042,1.54,0.378,3,3,16.95
5.04,2.19,0.040489998,0.46451,0.41412,2.4160624,4.99,1.495,5,1,16.88
1.23,0.24,0.00521,1.00476,0.26825002,7.246938,3.42,0.785,7,9,13.92
170.83,124.64,0.05402,0.32919,0.38105,4.434433,4.16,0.638,2,2,17.54
-2.18,2.99,0.00429,0.84605,-0.054759998,0.60969484,3.77,1.173,2,4,31.68
-2,3.21,0.00429,0.84605,-0.054759998,0.5596453,3.78,1.173,2,4,31.68
2.21,1.95,0.32747,0.34937,0.01936,0.24539077,2.63,1.058,1,1,37.34
18.93,17.21,0.02557,0.37947,0.11017,1.3424919,2.32,0.921,10,10,16.48
9.4,12.66,0.03952,0.98841006,0.05026,0.7568422,0.48,1.237,10,10,32.98
6.5,8.83,0.009,0.89764,0.103649996,0.80266273,4.08,0.844,1,1,17.39
5.97,5.38,0.009,0.89764,0.103649996,0.7374065,4.1,0.844,1,1,17.39
3.27,6.28,0.01471,0.84549004,0.04958,0.44895172,0.87,2.025,2,2,30.35
0.25,0.29,0.85206,0.02943,0.052750003,0.57122517,7.17,0.583,6,3,26.35
-0.06,54.29,0.00057,0.66416,-0.016590001,4.8798747,4.84,0.401,1,2,11.51
-0.05,54.49,0.00057,0.66416,-0.016590001,3.7091727,4.5,0.401,1,2,11.51
4.79,5.94,0.00818,0.95295,0.22920999,11.701897,0.57,0.787,7,1,17.53
12.83,28.45,0.66043,0.16958,0.03286,0.6965151,15.21,1.399,10,10,40.73
1.5,2.07,0.06398,0.54383,0.02066,0.45613092,3.47,1.112,2,3,20.85
-1.81,3.81,0.00937,0.88443,-0.07074,0.48305312,4.23,1.527,4,1,14.04
2.78,2.43,0.020280002,0.89883006,0.16695999,1.6465486,1.41,1.62,6,4,9.63
6.66,4.64,0.00784,0.98315,0.02616,0.1524303,2.39,1.248,1,1,8.2
9.83,11.44,0.00123,0.96552,0.21068001,4.250408,1.35,1.603,2,3,19.84
0.32,0.07,0.057010002,0.53613,0.23587999,0.4077777,7.42,0.482,3,2,15.35
3.54,2.83,0.29757,0.23402001,0.03675,0.26099727,3.58,1.4,8,10,31.36
3.62,3.4,0.49023998,0.24357,0.31674,2.899249,3.49,0.563,2,2,27.81
5.42,9.48,0.00642,1.00253,0.08505999,0.9826163,1.02,1.049,5,1,18.43
0.21,0.64,0.07596,0.90882003,0.055999998,2.642263,6.07,1.545,6,3,14.33
-1.66,-0.11,0.09788,1.10367,-0.37825,5.30496,3.55,1.215,1,1,43.48
4.9,5.66,0.00209,0.91571,0.22296,5.3923316,1.64,0.625,2,1,21.62
14.87,8.36,0.63588,0.17952,0.048979998,0.8590447,2.56,1.228,9,8,25.97
6.31,12.92,0.63588,0.17952,0.048979998,0.82095724,2.55,1.228,9,8,25.97
3.98,7.39,0.00279,0.89699,0.09509,7.467048,0.7,0.662,1,1,22.04
1.36,1.47,0.64559996,0.11238,0.17634001,4.904649,0.77,0.591,8,8,23.61
0.69,1.68,0.00088,0.96603996,0.051230002,7.910136,3.77,1.081,9,1,13.23
18.98,17.96,0.48561,0.22628,0.07288,0.49943268,5.34,1.184,7,6,24.75
1.06,1.76,0.00266,0.86281997,0.10933,3.0126724,3.15,1.448,3,3,16.68
2.19,5.05,0.13324,0.85129,0.11033,2.559769,1.03,1.432,5,6,22.25
10.76,13.89,0.58542,0.15010999,0.025610002,0.40257144,1.83,0.384,5,9,27.68
1.59,1.72,0.00174,0.72275,0.52915,26.661217,1.29,0.609,4,3,7.31
4.64,4.9,0.24809,0.70475996,0.11376,1.671361,0.64,0.568,9,10,21.83
9.15,16.8,0.00266,0.94365996,0.11125,2.6800895,1.37,0.742,3,1,18.66
6.04,3.54,0.00354,0.96222997,0.33395,8.580345,3.35,0.927,7,8,9.76
0.92,1.74,0.00292,0.66950995,0.255,7.5490794,8.28,0.888,1,1,18.14
1.54,2.29,0.00539,0.95725995,0.14368,0.99375814,5.2,0.86,1,1,15.33
1.96,2.3,0.0189,0.8987,0.28589,3.2380745,3.77,0.19,5,8,36.07
-0.08,2.2,0.07282,0.88414,0.00015,0.27331787,5.12,1.585,3,2,67.96
-1.68,0.91,0.02217,1.03378,-0.093669996,0.9855346,3.16,1.219,7,3,17.99
2.57,3.29,0.00312,0.95257,0.08270001,3.8248515,1.17,1.107,3,2,18.13
23.56,36.58,0.36281,0.46958,0.00311,5.5712543,5.82,0.357,6,4,27.53
8.33,5.31,0.00152,0.83449996,0.18937,2.2336357,2.6,1.244,5,7,33.91
1.33,1.61,0.51230997,0.17965999,0.03482,2.3538554,5.85,1.283,6,2,21.1
4,4.54,0.01947,0.76728994,0.22795999,1.8093959,3.37,1.117,6,8,48.73
1.15,8.58,0.09967,0.60796,-0.00792,1.6004226,0.77,0.761,1,1,15.62
4.67,5.13,0.00243,0.95401,0.27434,8.402074,0.62,0.867,3,2,18.77
136.19,152.29,0.54546,0.21829,0.20966,5.955446,1.63,0.794,4,2,22.11
1.96,2.49,0.25886,0.22205,0.07506,1.0522038,1.04,0.569,8,8,71.73
2.16,2.66,3.00E-05,0.38072,0.07506,1.1575036,1.21,0.569,8,8,19.96
5.13,8.33,0.00507,0.90200996,0.16338,1.7097671,3.05,1.53,5,6,24.08
3.01,4.73,0.64271003,0.20306998,0.09731,3.2383256,0.57,0.137,8,7,24.09
1.41,1.01,0.00028,0.56538,0.39007,2.287307,13.8,1.192,7,6,20.07
17.33,15.07,0.48561,0.22628,0.07288,0.45936325,5.32,1.184,7,6,24.75
0.56,0.47,0.00386,0.30893,0.24745001,1.2355744,4.96,1.343,1,2,22.38
6.12,9.82,0.11725,0.50560004,0.25605,1.6392967,5.26,1.609,2,4,25.45
3.53,3.32,0.00483,0.97117996,0.118190005,1.2712792,5.42,1.848,8,1,28.3
22.21,29.74,0.01828,0.55918,0.077309996,0.99025935,3.27,1.105,1,1,27.06
0.04,0.21,0.75965,0.12642,0.01959,1.2784797,1.43,0.749,9,9,12.51
2.86,4.63,0.01766,0.94081,0.03965,1.672957,1.55,0.532,2,3,17.01
788.16,664.18,0.70669,0.17323999,0.1421,5.407505,0.51,0.677,2,3,8.33
3.2,3.47,0.51624,0.20582001,0.018550001,0.2730601,4.8,0.869,4,5,35.2
-2.02,0.52,0.04103,0.70274,-0.11806,0.20744906,5.36,2.154,3,6,51.88
1.29,0.61,0.00045,0.38339,0.29524,2.2227058,5.39,1.463,1,4,23.22
1.29,1.36,0.00045,0.38339,0.29524,2.2409315,5.38,1.463,1,4,23.22
4.16,4.93,0.0108,0.94387,0.08422,2.3351521,0.64,1.406,5,8,23.33
1.19,81.18,0.00187,0.69763,0.14467,1.4320236,2.21,1.136,1,1,9.62
1.68,1.54,0.42001,0.2727,7.13256,23.988358,1.21,0.589,8,5,37.55
0.93,0.73,0.00837,1.0161799,0.24504,5.024694,5.04,1.502,1,1,11.27
2.7,1.92,0.31,0.26766002,0.25831,1.325884,3.51,0.769,5,8,9.28
1.83,146.79,0.00852,0.72265,0.0446,1.0113131,2.08,0.461,3,4,17.68
5.22,9.17,0.11257,0.84142,0.02856,0.3539093,3.25,1.509,1,1,15.89
0.61,0.41,0.49257,0.20218,0.37278,2.606336,4.23,0.788,1,3,17.26
3.4,1.91,0.01481,0.98091006,0.26081,6.22657,3.12,0.844,9,5,16.09
9.37,13.54,0.088549994,0.61571,0.07384,1.6573298,1.41,1.059,2,3,10.66
-0.05,1.09,0.00495,0.48348,-0.00343,0.69257694,4.63,2.55,10,10,24.49
-0.04,0.62,0.72764,0.13019,-0.00086,0.040442385,3.79,2.289,2,3,27.97
16.54,13.97,0.00429,1.06741,0.17916,1.5083162,2.17,1.343,4,4,26.13
8.43,10.56,0.13501,0.87281996,0.00687,0.16127813,1.45,0.446,3,5,12.75
1.45,1.32,0.31497,0.55584,0.07871,0.61405045,1.69,2.785,5,8,39.31
572.27,213.19,0.03312,0.45,0.11184,0.39245364,3.49,0.109,9,9,35.77
13.08,11.87,0.00904,0.91455,0.1673,3.6342466,1.45,0.917,4,5,22.77
-0.29,1.15,0.054109998,0.52679,0.03061,0.87948334,4.62,0.803,2,2,20.75
3.28,4.08,0.35,0.2982,0.19471,1.2330003,2.02,0.292,3,4,15.22
1.76,1.47,0.29393,0.65693,0.09604,0.6289696,1.93,1.689,4,7,17.03
4.07,4.41,0.00261,0.99057,0.09061,0.83360803,3.71,0.662,6,10,28.87
8.52,9.06,0.01623,0.78766996,0.33426,6.7136374,1.75,0.658,1,1,13.97
5.32,6.78,0.00554,0.42549,0.16302,10.017605,1.58,0.464,1,3,28.31
5.23,3.26,0.111540005,0.48527,0.05567,0.7566481,3.1,1.424,2,3,21.91
7.86,2.7,0.67477995,0.07311,0.09435,0.49986136,3.17,0.131,9,10,22.93
5.89,11.12,0.46,0.30464,0.02792,0.32419702,2.7,1.549,5,7,18.91
5.89,14.64,0.46,0.30464,0.02792,0.32245868,2.7,1.549,5,7,18.91
-0.25,1.1,0.35874,0.31250998,-0.01137,0.7503848,2.36,1.007,3,3,34.24
4.2,4.56,0.24714,0.33908,0.04478,1.1396351,0.69,0.874,7,9,22.96
-14.55,4,0.32266998,0.4131,-1.5274,4.6119576,6.43,1.52,4,8,7.86
-24.17,2.35,0.53795,0.24872999,-0.62539,0.007043051,7.21,0.83,8,8,21.11
1.22,184.42,0.00932,0.69588,0.10090999,3.9184797,1.61,0.709,6,2,20.87
1.41,1.81,0.24308,0.39946997,0.01958,0.14173906,2.83,0.487,7,6,21.59
0.41,0.46,0.61188,0.11571,0.051119998,0.7581903,2.8,0.37,8,8,44.29
2.37,3.05,0.11106,0.45397,0.1437,2.618477,1.47,0.143,6,4,29.96
5.8,0.72,0.08022001,0.81198,0.12209,2.2119906,2.55,2.518,9,8,20.71
9.93,12.38,0.00148,0.73796,0.106520005,3.3361595,1.34,1.195,1,3,9.84
2.35,2.95,0.35579,0.5478,0.08262,1.2627583,3.15,0.228,4,2,23.5
2.77,2.88,0.00458,0.97486997,0.11887,2.0858095,2.81,0.374,3,5,21.7
0.57,0.62,0.29673,0.31213,0.19543,2.486609,2.03,0.719,8,5,33.97
4.74,18.98,0.00396,0.86143,0.02158,1.0962002,2.65,1.038,8,7,19.3
-0.05,1.27,0.07846,0.60532004,-0.00343,0.913745,4.25,2.55,10,10,24.49
96.75,97.29,0.014450001,0.53319,0.12375,6.159582,1.07,0.298,1,1,23.67
1.27,1.76,0.24223,0.56114,0.04763,0.8148415,0.96,0.601,10,7,30.19
1139.55,1309.75,0.11528,0.48516,0.04512,0.66941893,4.26,0.36,3,4,22.8
5.19,9.79,0.10745,0.81821,0.19941,7.1309896,0.38,0.86,7,10,11.86
4,12.39,0.00312,0.89315003,0.06444,3.2391627,1.33,0.445,10,10,23.82
3.35,6.17,0.69705003,0.12802,0.11158,9.488878,0.5,0.593,7,6,14.91
2.28,4.13,0.00135,0.74511003,0.13854,2.5742726,4.41,0.608,3,6,26.4
3.32,3.87,0.02902,0.46886003,0.16627,5.1755548,0.33,0.574,3,4,21.66
0.62,1.16,0.2573,0.53723997,0.03105,1.366002,0.74,0.338,2,2,21.71
313.07,129.95,0.08434,0.68044,0.19243,3.8915408,0.62,0.351,4,3,26.59
10.32,9.6,0.03918,1.00891,0.0806,1.1935904,2.18,1.574,6,7,17.43
7.81,13.67,0.18565,0.40252998,0.060900003,93.31004,1.45,1.061,4,2,18.25
8.04,12.39,0.13761,0.8046,0.27164,10.956963,0.84,1.268,4,2,15.82
-6.79,1.32,0.86867994,0.04137,-1.5058701,4.0332074,1.62,0.591,5,7,13.25
-6.79,-0.91,0.86867994,0.04137,-1.5058701,4.0354247,1.62,0.591,5,7,13.25
10.65,11.5,0.22241,0.50659,0.045289997,0.44520974,2.2,1.172,3,5,34.97
3.57,3.36,0.00088,0.31042,0.13804,1.7983898,4.67,0.282,4,2,33.81
247.69,171.18,0.53968,0.28975,0.05806,546.00006,6.61,0.374,6,7,22.17
21.01,21.21,0.70919,0.087419994,0.21059999,6.961139,2.12,0.622,7,4,35.45
1.31,1.08,0.168,0.26773,0.37741002,3.7881413,8.68,0.554,2,2,14.8
1.84,1.82,0.70125,0.10408,0.0296,0.69702,7.65,0.584,1,2,16.06
0.6,0.73,0.23586,0.30638,0.040960003,0.6693507,5.57,0.946,1,1,21.64
0.55,0.67,0.23586,0.30638,0.040960003,0.6050053,5.47,0.946,1,1,21.64
84.11,77.6,0.03926,0.41049,0.01827,0.15489486,4.71,0.482,3,5,31.71
1.4,2.22,0.32426998,0.20415,0.050040003,0.47919488,6.47,1.066,2,2,28.99
160.78,148.4,0.25014,0.37014,0.28757,38.481895,2.82,1.579,3,4,14.49
-7.94,5.82,0.00265,0.64492,-0.10042,0.712145,2.47,0.366,3,3,16.54
-0.7,0.54,0.00265,0.64492,-0.10042,0.06259521,2.51,0.366,3,3,16.54
2.15,3.27,0.00208,0.8536,0.10715,1.5425295,3.4,0.605,3,1,22.86
12.11,14.99,0.58981,0.24403,0.06033,0.8654274,4.59,0.808,4,6,29.32
2.04,1.2,0.46791,0.36036998,0.060060002,0.583139,4.97,0.775,7,9,24.73
1.23,2.54,0.41696998,0.60412,0.03372,0.5885205,4.09,2.223,3,5,15.59
1.18,0.99,0.29756,0.30087,0.06348,0.88962215,2.36,0.533,2,6,28.58
1.53,2.26,0.0225,0.45051998,0.16249001,2.8035614,5.03,0.261,10,8,16.81
2.17,5.46,0.08663,0.46833,0.10353,0.7840418,6.41,1.545,2,2,18.6
3.46,9.64,0.008450001,0.92859,0.10215,3.1653051,0.53,0.968,7,8,20.87
17.43,22.07,0.63453,0.21572,0.1283,9.129945,0.88,0.33,6,6,28.39
85.22,23.11,0.47518003,0.22964,0.04438,1.1798092,0.53,0.548,10,10,43.12
85.24,41.74,0.47518003,0.22964,0.04438,1.1457231,0.53,0.548,10,10,43.12
0.19,1.45,0.01197,0.84828,0.04617,278.39877,10.6,0.811,3,3,11.14
1.72,115,0.00135,0.62605,0.19673,3.465271,2.22,0.326,1,1,19.3
1.72,143.28,0.00135,0.62605,0.19673,3.4776397,2.22,0.326,1,1,19.3
-0.01,2.08,0.20104,0.6027,-0.21301001,5.4666076,7.94,2.28,8,3,10.54
243.93,275.47,0.03754,0.34063998,0.05941,1.086045,1.27,0.114,4,3,27.9
0.69,62.55,0.25767002,0.5387,0.4005,4.4983835,3.32,0.616,3,2,19.56
4.48,3.37,0.00811,0.89397,0.12106,0.87647456,2.53,1.435,5,5,14.98
-181.55,44.15,0.52833,0.15053001,-0.06774,0.18722923,2.1,0.997,6,6,30.22
854.71,641.38,0.04271,0.44057998,0.08027001,1.2029757,1.98,0.727,1,1,30.63
6.95,9.23,0.75714,0.09236,0.01883,0.2894069,5.28,1.261,8,7,24.72
5.35,6.17,0.09719,0.36018002,0.113299996,1.6112707,4.28,1.059,2,4,25.6
1.26,1.4,0.0026,0.93214995,0.105450004,1.8750755,3.25,0.928,6,3,28.73
0.89,0.95,0.00266,0.44338,0.41759998,2.0319047,5.98,0.593,2,3,25.47
0.13,0.32,0.05,0.32685003,0.01914,0.58811224,6.97,0.393,8,9,49.7
0.44,1,0.12841,0.38009998,0.035889998,0.5312045,4.51,0.694,10,10,47.53
0.72,0.45,0.00245,0.44282,0.097349994,1.399157,4.03,0.563,2,3,21.94
0.72,0.5,0.00245,0.44282,0.097349994,1.4029833,4.04,0.563,2,3,21.94
-17.01,3.4,0.00372,0.74142,-0.82003,1.2316391,7.98,1.19,5,7,7.24
59.47,37.94,0.0232,0.53394,0.30733,5.49691,0.99,0.816,1,1,23.96
1.89,2.16,0.64352,0.14847,0.14969,4.251722,1.98,1.08,3,6,12.5
2.28,1.03,0.00031,0.56229,0.18655,2.6144004,1.06,1.763,1,2,14.81
-21.17,6.6,0.01883,0.71709996,-1.14529,3.9194553,3.03,0.818,1,1,6.75
2.39,3.49,0.4768,0.14812,0.089949995,1.8533436,1.74,0.988,8,7,23.65
48.77,4.28,0.4768,0.14812,0.089949995,3786.6277,1.64,0.988,8,7,23.65
58.98,67,0.15981,0.46914002,0.15912,364.5908,2.12,0.556,2,2,13.08
0.25,56.49,0.00584,0.79694,0.13136,3.5199575,2.92,1.097,6,3,10.21
5.03,75.6,0.10937,0.53113997,0.4164,1306.7542,5.82,1.095,4,1,17.32
2.04,2.01,4.00E-05,0.50763,0.23487,2.6775844,5.63,1.607,1,1,23.18
2.04,1.16,4.00E-05,0.50763,0.23487,2.672718,5.65,1.607,1,1,23.18
287.09,286.96,0.30607998,0.37498,0.17155,1.3153497,3.76,0.907,8,7,36.14
0.79,5.63,0.00499,0.84142,0.01523,0.6122343,4.74,0.963,5,9,24.47
9.77,18.87,0.028719999,0.88018996,0.18351999,11.693121,0.62,1.215,1,1,16.41
0.73,76.18,0.05154,0.73612,0.4164,1.4281961,6.28,1.095,4,1,17.32
34.02,20.85,0.7339,0.13873,0.059970003,0.28333494,6.81,0.771,7,6,41.92
0.39,0.46,0.050630003,0.31792998,0.32716,2.4969804,7.2,1.331,1,3,12.16
4.7,5.08,0.00676,0.97619003,0.17265,5.324895,1.11,0.664,7,7,18.66
1.14,216.99,0.00566,0.6929,0.012660001,0.25475255,3.3,0.962,2,3,22.83
